timestamp,open,high,low,close
1787184000000,4511.835,4514.715,4510.605,4513.955
1787184060000,4513.925,4517.285,4513.825,4515.995
1787184120000,4516.135,4516.665,4513.865,4515.915
1787184180000,4516.055,4519.265,4515.235,4516.805
1787184240000,4516.945,4516.945,4515.015,4515.195
1787184300000,4514.905,4517.365,4514.405,4517.365
1787184360000,4517.265,4518.265,4514.875,4515.225
1787184420000,4515.375,4517.215,4514.225,4517.065
1787184480000,4516.895,4518.315,4516.325,4517.485
1787184540000,4517.665,4518.655,4514.825,4515.365
1787184600000,4515.475,4515.475,4512.845,4514.495
1787184660000,4514.685,4515.645,4514.275,4515.015
1787184720000,4514.885,4516.185,4514.085,4514.085
1787184780000,4514.095,4514.755,4513.445,4513.785
1787184840000,4513.915,4516.725,4513.405,4516.535
1787184900000,4516.635,4517.155,4514.515,4515.375
1787184960000,4515.255,4516.845,4514.835,4516.825
1787185020000,4516.715,4521.225,4516.275,4520.755
1787185080000,4520.655,4521.695,4520.165,4520.815
1787185140000,4520.645,4521.365,4517.955,4518.445
1787185200000,4518.465,4518.595,4515.605,4515.755
1787185260000,4515.895,4515.895,4511.335,4511.745
1787185320000,4511.585,4512.915,4510.715,4511.115
1787185380000,4511.015,4511.725,4510.585,4511.075
1787185440000,4511.175,4512.455,4510.435,4512.275
1787185500000,4512.165,4512.215,4510.925,4511.525
1787185560000,4511.405,4512.285,4511.165,4511.245
1787185620000,4511.415,4512.805,4509.035,4509.545
1787185680000,4509.685,4512.795,4509.365,4511.485
1787185740000,4511.585,4513.275,4510.895,4510.895
1787185800000,4510.685,4512.855,4509.985,4512.015
1787185860000,4512.045,4513.955,4511.255,4512.395
1787185920000,4512.585,4513.275,4511.055,4511.685
1787185980000,4511.565,4512.005,4511.055,4511.255
1787186040000,4511.485,4512.625,4510.975,4511.915
1787186100000,4512.095,4512.255,4509.255,4509.565
1787186160000,4509.585,4511.785,4509.585,4511.775
1787186220000,4511.655,4512.155,4511.165,4511.955
1787186280000,4512.055,4512.055,4510.125,4510.225
1787186340000,4510.565,4510.565,4509.315,4509.655
1787186400000,4509.795,4509.895,4508.535,4508.825
1787186460000,4509.015,4509.455,4505.725,4505.775
1787186520000,4506.125,4507.615,4504.645,4505.065
1787186580000,4504.675,4505.205,4504.215,4504.655
1787186640000,4504.425,4507.615,4504.245,4506.275
1787186700000,4506.165,4507.725,4504.805,4507.675
1787186760000,4507.545,4508.165,4505.495,4506.675
1787186820000,4506.555,4507.795,4505.445,4507.025
1787186880000,4507.275,4507.545,4506.115,4507.195
1787186940000,4507.045,4508.555,4506.845,4507.875
1787187000000,4507.755,4510.615,4507.755,4508.715
1787187060000,4508.575,4509.055,4505.415,4506.245
1787187120000,4506.375,4507.715,4505.845,4507.595
1787187180000,4507.415,4508.135,4506.585,4508.135
1787187240000,4508.015,4508.015,4505.125,4506.565
1787187300000,4506.725,4507.235,4505.665,4506.295
1787187360000,4506.195,4506.945,4505.065,4506.675
1787187420000,4506.795,4508.695,4506.405,4508.425
1787187480000,4508.255,4510.885,4508.015,4509.995
1787187540000,4510.105,4510.105,4504.225,4504.975
1787187600000,4505.145,4510.585,4504.585,4507.305
1787187660000,4507.405,4508.395,4500.555,4500.805
1787187720000,4501.165,4502.055,4496.175,4496.175
1787187780000,4496.005,4496.955,4494.035,4494.605
1787187840000,4494.705,4494.865,4493.005,4493.445
1787187900000,4493.595,4495.855,4493.025,4494.825
1787187960000,4494.685,4495.565,4492.045,4492.235
1787188020000,4492.505,4496.665,4492.315,4495.715
1787188080000,4495.755,4500.015,4495.755,4497.785
1787188140000,4497.675,4499.555,4497.015,4499.115
1787188200000,4498.685,4498.805,4494.625,4494.875
1787188260000,4494.675,4495.845,4493.525,4493.545
1787188320000,4493.795,4495.985,4493.645,4495.515
1787188380000,4495.455,4495.845,4492.445,4492.855
1787188440000,4492.855,4494.635,4492.855,4493.655
1787188500000,4493.765,4500.045,4493.485,4496.385
1787188560000,4496.485,4497.215,4493.625,4493.935
1787188620000,4494.105,4497.175,4493.775,4496.285
1787188680000,4496.185,4498.365,4496.045,4496.605
1787188740000,4496.735,4499.803,4495.585,4499.295
1787188800000,4499.305,4502.505,4499.305,4501.855
1787188860000,4501.755,4504.025,4501.315,4501.755
1787188920000,4501.685,4503.145,4500.985,4501.695
1787188980000,4501.585,4502.595,4501.295,4501.405
1787189040000,4501.545,4503.005,4500.855,4502.725
1787189100000,4502.425,4502.425,4499.745,4499.745
1787189160000,4499.785,4500.585,4498.275,4498.965
1787189220000,4499.085,4500.515,4498.385,4500.345
1787189280000,4500.145,4503.875,4499.845,4500.975
1787189340000,4500.765,4502.415,4500.165,4500.835
1787189400000,4500.685,4501.365,4495.975,4501.215
1787189460000,4501.215,4501.695,4497.715,4498.605
1787189520000,4498.365,4499.385,4496.855,4499.125
1787189580000,4499.005,4500.055,4497.275,4499.905
1787189640000,4500.005,4501.555,4497.845,4498.955
1787189700000,4499.025,4500.285,4498.425,4498.875
1787189760000,4499.015,4499.415,4496.445,4497.595
1787189820000,4497.595,4498.275,4496.595,4497.185
1787189880000,4497.185,4498.575,4496.225,4498.275
1787189940000,4498.135,4498.295,4494.185,4495.955
1787190000000,4496.085,4499.115,4495.385,4499.025
1787190060000,4498.895,4499.855,4495.825,4496.595
1787190120000,4496.385,4496.635,4493.845,4495.285
1787190180000,4495.125,4496.565,4494.755,4495.965
1787190240000,4496.085,4496.515,4494.135,4494.165
1787190300000,4494.335,4495.715,4493.105,4493.505
1787190360000,4493.385,4496.075,4493.205,4494.435
1787190420000,4494.395,4494.835,4492.695,4493.015
1787190480000,4492.855,4493.875,4492.665,4492.695
1787190540000,4492.885,4493.785,4489.445,4490.105
1787190600000,4490.105,4490.905,4489.785,4490.795
1787190660000,4490.605,4490.785,4488.885,4489.575
1787190720000,4489.345,4489.985,4489.015,4489.325
1787190780000,4489.045,4489.325,4485.925,4486.305
1787190840000,4486.425,4486.425,4484.765,4485.455
1787190900000,4485.565,4487.595,4485.035,4486.905
1787190960000,4487.005,4488.065,4486.115,4487.685
1787191020000,4487.565,4487.995,4485.965,4486.885
1787191080000,4487.065,4488.985,4485.895,4488.125
1787191140000,4488.315,4491.295,4487.555,4490.015
1787191200000,4490.015,4491.815,4488.765,4490.985
1787191260000,4490.885,4494.125,4490.885,4493.625
1787191320000,4493.485,4496.285,4493.345,4495.295
1787191380000,4495.125,4499.055,4494.415,4497.425
1787191440000,4497.285,4498.545,4496.335,4498.135
1787191500000,4498.235,4499.485,4497.775,4498.525
1787191560000,4498.485,4499.205,4496.455,4496.455
1787191620000,4496.595,4498.165,4495.155,4495.765
1787191680000,4495.805,4496.985,4494.535,4495.335
1787191740000,4495.515,4497.865,4495.125,4496.065
1787191800000,4495.855,4498.125,4495.835,4498.125
1787191860000,4498.165,4499.475,4497.935,4498.045
1787191920000,4497.945,4499.715,4497.575,4499.155
1787191980000,4499.305,4500.335,4498.475,4498.585
1787192040000,4498.585,4498.755,4497.485,4498.245
1787192100000,4497.865,4498.285,4495.425,4496.435
1787192160000,4496.275,4497.255,4495.445,4496.015
1787192220000,4496.095,4497.225,4495.965,4496.535
1787192280000,4496.665,4496.665,4490.985,4490.985
1787192340000,4490.745,4492.555,4489.855,4491.755
1787192400000,4491.635,4492.165,4489.535,4489.535
1787192460000,4490.025,4491.105,4489.755,4490.955
1787192520000,4491.075,4492.155,4490.725,4492.075
1787192580000,4491.955,4493.575,4491.815,4493.095
1787192640000,4493.235,4494.775,4492.705,4494.555
1787192700000,4494.455,4495.515,4492.865,4493.075
1787192760000,4492.895,4493.745,4491.995,4492.465
1787192820000,4492.465,4492.795,4491.935,4491.935
1787192880000,4491.735,4493.905,4491.485,4493.545
1787192940000,4493.665,4493.705,4492.365,4493.205
1787193000000,4493.365,4494.305,4491.125,4492.785
1787193060000,4492.925,4495.225,4492.525,4494.395
1787193120000,4494.285,4494.415,4492.365,4494.085
1787193180000,4493.955,4494.205,4492.665,4493.465
1787193240000,4493.355,4493.985,4491.775,4492.105
1787193300000,4492.105,4492.775,4490.735,4491.875
1787193360000,4491.765,4492.625,4490.905,4490.905
1787193420000,4490.755,4493.925,4490.745,4493.485
1787193480000,4493.595,4494.555,4491.985,4492.445
1787193540000,4492.445,4493.335,4491.815,4493.205
1787193600000,4493.065,4493.105,4490.975,4491.805
1787193660000,4491.915,4494.555,4491.495,4494.395
1787193720000,4494.265,4494.485,4490.795,4490.795
1787193780000,4490.795,4492.615,4490.405,4492.225
1787193840000,4492.175,4492.185,4490.495,4490.875
1787193900000,4490.705,4492.545,4490.565,4491.445
1787193960000,4491.305,4492.425,4490.775,4491.905
1787194020000,4492.065,4492.255,4491.255,4491.535
1787194080000,4491.535,4492.205,4490.665,4491.025
1787194140000,4491.135,4491.415,4489.575,4489.575
1787194200000,4489.375,4493.795,4489.175,4493.665
1787194260000,4493.855,4493.875,4491.195,4491.355
1787194320000,4491.455,4492.785,4490.955,4491.775
1787194380000,4491.915,4492.625,4491.275,4492.245
1787194440000,4492.125,4495.185,4492.125,4493.925
1787194500000,4494.035,4494.035,4492.275,4492.845
1787194560000,4492.735,4493.355,4491.265,4491.735
1787194620000,4491.485,4493.005,4491.105,4491.945
1787194680000,4491.795,4492.885,4491.795,4492.765
1787194740000,4492.645,4492.655,4490.805,4491.205
1787194800000,4491.065,4492.845,4491.065,4492.845
1787194860000,4492.945,4495.935,4492.945,4495.705
1787194920000,4495.595,4497.025,4495.355,4495.365
1787194980000,4495.135,4495.835,4494.365,4495.275
1787195040000,4495.015,4496.525,4494.985,4496.335
1787195100000,4496.215,4497.445,4495.685,4497.245
1787195160000,4497.125,4497.635,4496.195,4497.485
1787195220000,4497.205,4497.515,4496.705,4496.735
1787195280000,4496.775,4497.005,4494.275,4495.165
1787195340000,4494.945,4495.205,4491.905,4492.695
1787195400000,4492.555,4492.575,4489.245,4489.375
1787195460000,4489.555,4490.175,4488.425,4489.855
1787195520000,4489.765,4492.495,4489.335,4492.245
1787195580000,4492.435,4492.785,4491.395,4492.495
1787195640000,4492.515,4493.185,4492.015,4493.185
1787195700000,4493.065,4493.285,4491.125,4492.105
1787195760000,4492.275,4493.115,4491.795,4492.655
1787195820000,4492.515,4493.405,4492.145,4492.405
1787195880000,4492.295,4492.595,4490.845,4491.665
1787195940000,4491.525,4494.085,4491.525,4493.265
1787196000000,4493.385,4494.345,4491.635,4493.075
1787196060000,4493.175,4494.535,4492.945,4493.045
1787196120000,4492.925,4494.905,4492.715,4494.235
1787196180000,4494.135,4496.635,4494.135,4495.475
1787196240000,4495.345,4496.245,4495.085,4495.845
1787196300000,4495.645,4496.045,4494.455,4494.795
1787196360000,4494.935,4497.055,4494.865,4495.215
1787196420000,4495.105,4495.465,4493.805,4494.735
1787196480000,4494.905,4495.045,4493.865,4494.805
1787196540000,4494.805,4494.905,4493.455,4493.815
1787196600000,4493.975,4495.065,4493.015,4493.435
1787196660000,4493.545,4496.785,4492.735,4496.785
1787196720000,4496.915,4497.025,4495.775,4495.885
1787196780000,4495.995,4496.865,4495.755,4496.295
1787196840000,4496.425,4498.955,4496.165,4498.435
1787196900000,4498.335,4498.645,4496.445,4496.665
1787196960000,4496.775,4496.805,4495.865,4496.385
1787197020000,4496.285,4496.775,4495.745,4495.955
1787197080000,4496.205,4497.135,4495.075,4496.735
1787197140000,4496.515,4498.335,4496.495,4497.955
1787197200000,4497.925,4499.015,4497.635,4498.895
1787197260000,4498.555,4498.965,4496.725,4497.495
1787197320000,4497.385,4497.575,4496.755,4496.865
1787197380000,4496.755,4497.805,4496.635,4497.695
1787197440000,4497.795,4499.235,4497.795,4498.285
1787197500000,4498.425,4499.015,4497.525,4498.415
1787197560000,4498.465,4498.885,4497.475,4498.335
1787197620000,4498.485,4498.905,4497.915,4498.095
1787197680000,4497.935,4498.275,4497.445,4497.825
1787197740000,4497.935,4499.055,4497.725,4498.915
1787197800000,4498.845,4499.075,4497.325,4497.505
1787197860000,4497.735,4499.485,4497.485,4499.275
1787197920000,4499.435,4500.135,4498.715,4499.995
1787197980000,4500.075,4500.835,4499.295,4499.635
1787198040000,4499.755,4500.675,4499.555,4500.305
1787198100000,4500.075,4501.275,4500.075,4500.605
1787198160000,4500.735,4500.815,4500.175,4500.515
1787198220000,4500.655,4500.695,4499.575,4500.415
1787198280000,4500.305,4500.535,4498.215,4498.435
1787198340000,4498.435,4499.355,4498.315,4499.195
1787198400000,4499.195,4499.595,4498.645,4498.925
1787198460000,4499.025,4499.485,4498.005,4498.215
1787198520000,4498.345,4498.985,4497.475,4498.855
1787198580000,4498.995,4499.195,4496.225,4496.695
1787198640000,4496.815,4497.635,4495.405,4496.145
1787198700000,4496.315,4497.165,4495.805,4496.715
1787198760000,4496.605,4497.475,4496.005,4497.215
1787198820000,4497.185,4498.045,4496.885,4497.665
1787198880000,4497.785,4498.345,4497.525,4498.165
1787198940000,4497.665,4498.025,4496.955,4497.415
1787199000000,4497.525,4498.065,4497.135,4497.925
1787199060000,4497.665,4498.095,4497.375,4497.465
1787199120000,4497.345,4497.955,4497.145,4497.925
1787199180000,4498.025,4498.115,4497.495,4497.565
1787199240000,4497.695,4497.955,4496.645,4496.925
1787199300000,4496.755,4497.375,4495.855,4496.215
1787199360000,4496.285,4496.935,4495.555,4496.815
1787199420000,4496.975,4497.885,4496.785,4497.275
1787199480000,4497.455,4497.565,4496.215,4496.215
1787199540000,4496.105,4497.465,4496.105,4497.205
1787199600000,4497.095,4497.575,4495.615,4496.035
1787199660000,4496.125,4496.125,4494.635,4495.615
1787199720000,4495.615,4497.105,4495.575,4496.585
1787199780000,4496.585,4496.855,4495.265,4495.425
1787199840000,4495.465,4495.985,4495.455,4495.865
1787199900000,4495.765,4495.955,4495.285,4495.635
1787199960000,4495.825,4496.035,4494.765,4495.165
1787200020000,4495.285,4495.625,4494.835,4495.095
1787200080000,4495.245,4495.445,4492.855,4493.015
1787200140000,4492.885,4493.265,4490.225,4490.255
1787200200000,4490.145,4490.945,4489.665,4489.945
1787200260000,4489.945,4491.475,4489.735,4489.855
1787200320000,4489.735,4489.785,4488.385,4488.855
1787200380000,4488.855,4488.955,4486.895,4488.355
1787200440000,4488.505,4489.435,4487.955,4488.525
1787200500000,4488.415,4489.225,4487.835,4488.715
1787200560000,4488.605,4488.835,4487.015,4488.285
1787200620000,4488.395,4488.855,4487.265,4487.585
1787200680000,4487.655,4487.895,4486.425,4487.305
1787200740000,4487.505,4487.755,4486.655,4487.705
1787200800000,4487.865,4489.025,4487.125,4489.005
1787200860000,4488.845,4488.845,4487.735,4488.265
1787200920000,4488.265,4488.585,4487.815,4488.065
1787200980000,4487.965,4488.445,4487.825,4488.305
1787201040000,4488.125,4488.325,4487.085,4487.655
1787201100000,4487.325,4488.945,4487.215,4488.725
1787201160000,4488.625,4489.425,4488.135,4488.975
1787201220000,4489.115,4489.475,4488.865,4489.365
1787201280000,4489.435,4490.075,4489.105,4489.705
1787201340000,4489.885,4491.175,4489.565,4490.735
1787201400000,4490.525,4490.945,4489.735,4490.435
1787201460000,4490.585,4490.805,4489.785,4489.925
1787201520000,4489.925,4492.195,4489.925,4491.415
1787201580000,4491.305,4491.815,4490.915,4490.915
1787201640000,4491.085,4491.475,4490.265,4490.265
1787201700000,4490.125,4490.955,4489.605,4490.385
1787201760000,4490.125,4491.845,4489.695,4490.445
1787201820000,4490.575,4490.925,4489.425,4489.425
1787201880000,4489.565,4490.305,4488.805,4489.785
1787201940000,4489.525,4489.675,4488.505,4489.175
1787202000000,4489.075,4490.255,4488.815,4489.595
1787202060000,4489.475,4489.965,4488.515,4489.785
1787202120000,4489.965,4490.915,4489.705,4490.305
1787202180000,4490.295,4492.035,4490.195,4491.695
1787202240000,4491.805,4492.315,4491.585,4492.055
1787202300000,4492.165,4493.285,4491.955,4492.665
1787202360000,4493.405,4493.785,4492.165,4492.395
1787202420000,4492.575,4494.505,4492.225,4492.225
1787202480000,4492.115,4492.685,4491.795,4492.255
1787202540000,4492.255,4492.505,4491.265,4491.265
1787202600000,4491.375,4492.055,4490.725,4491.485
1787202660000,4491.835,4491.845,4490.265,4490.635
1787202720000,4490.785,4490.955,4489.115,4489.175
1787202780000,4489.295,4489.585,4487.335,4487.395
1787202840000,4487.255,4487.395,4484.535,4485.935
1787202900000,4485.935,4486.735,4485.255,4486.245
1787202960000,4486.135,4486.815,4485.495,4485.945
1787203020000,4485.765,4487.285,4485.055,4486.915
1787203080000,4487.145,4487.235,4485.375,4486.055
1787203140000,4486.055,4486.055,4484.485,4484.725
1787203200000,4484.955,4486.375,4484.855,4484.965
1787203260000,4484.935,4486.935,4484.815,4486.455
1787203320000,4486.325,4486.605,4484.985,4485.885
1787203380000,4485.655,4487.035,4484.455,4487.035
1787203440000,4486.875,4487.595,4486.525,4486.915
1787203500000,4486.555,4486.835,4485.395,4485.655
1787203560000,4485.765,4486.385,4485.395,4485.655
1787203620000,4485.285,4486.045,4484.765,4485.205
1787203680000,4485.335,4485.415,4483.555,4485.145
1787203740000,4485.145,4485.585,4483.525,4483.525
1787203800000,4483.645,4486.715,4481.975,4484.385
1787203860000,4484.265,4485.245,4483.175,4484.125
1787203920000,4483.995,4484.435,4481.955,4482.865
1787203980000,4482.755,4483.585,4481.965,4481.965
1787204040000,4482.145,4482.315,4480.035,4480.885
1787204100000,4481.075,4481.995,4480.235,4481.015
1787204160000,4480.805,4482.275,4480.215,4482.155
1787204220000,4482.115,4482.305,4479.665,4480.015
1787204280000,4479.905,4480.245,4478.655,4479.905
1787204340000,4480.015,4480.875,4478.765,4480.765
1787204400000,4480.665,4481.225,4479.405,4481.225
1787204460000,4481.085,4481.465,4479.775,4480.735
1787204520000,4481.125,4482.375,4480.805,4481.915
1787204580000,4481.805,4482.795,4481.075,4481.885
1787204640000,4481.675,4482.135,4480.255,4481.065
1787204700000,4481.055,4481.335,4479.365,4480.175
1787204760000,4480.075,4480.585,4479.955,4480.145
1787204820000,4480.275,4482.185,4480.275,4481.585
1787204880000,4481.475,4481.945,4480.885,4481.325
1787204940000,4481.125,4481.975,4480.815,4481.845
1787205000000,4481.965,4482.405,4481.145,4481.875
1787205060000,4481.695,4481.965,4480.255,4480.865
1787205120000,4480.915,4481.725,4479.335,4480.835
1787205180000,4480.935,4481.165,4478.845,4479.155
1787205240000,4479.255,4479.915,4478.905,4479.095
1787205300000,4478.865,4479.825,4478.255,4479.765
1787205360000,4480.015,4481.235,4479.325,4479.415
1787205420000,4479.525,4481.405,4479.225,4481.045
1787205480000,4481.235,4482.575,4480.535,4482.335
1787205540000,4482.235,4483.735,4481.665,4482.015
1787205600000,4481.875,4483.005,4480.475,4480.565
1787205660000,4480.665,4482.975,4480.425,4481.805
1787205720000,4481.915,4485.215,4481.915,4484.785
1787205780000,4484.955,4485.195,4484.555,4484.835
1787205840000,4484.715,4489.175,4484.115,4489.025
1787205900000,4488.875,4490.395,4488.575,4490.265
1787205960000,4490.625,4491.285,4490.055,4490.055
1787206020000,4490.025,4490.875,4488.415,4490.875
1787206080000,4490.765,4491.005,4489.995,4490.285
1787206140000,4490.405,4491.925,4490.245,4490.605
1787206200000,4490.585,4492.435,4490.225,4492.425
1787206260000,4492.555,4493.295,4491.555,4491.555
1787206320000,4491.695,4491.905,4490.595,4491.565
1787206380000,4491.725,4493.545,4491.265,4493.255
1787206440000,4493.135,4493.825,4492.905,4493.175
1787206500000,4493.135,4494.945,4492.215,4494.245
1787206560000,4494.145,4495.065,4493.685,4494.745
1787206620000,4494.645,4496.325,4494.645,4496.205
1787206680000,4496.065,4496.165,4492.325,4493.975
1787206740000,4494.145,4494.815,4492.315,4493.935
1787206800000,4493.835,4494.765,4493.075,4493.865
1787206860000,4493.725,4494.675,4493.365,4493.415
1787206920000,4493.515,4494.265,4492.505,4493.045
1787206980000,4493.175,4493.325,4492.585,4493.225
1787207040000,4493.055,4493.815,4492.805,4493.685
1787207100000,4493.585,4494.655,4493.255,4493.255
1787207160000,4493.395,4494.755,4493.395,4494.225
1787207220000,4494.225,4494.555,4493.835,4494.045
1787207280000,4494.225,4495.735,4493.915,4495.455
1787207340000,4495.355,4495.545,4494.055,4494.535
1787207400000,4494.385,4494.765,4492.665,4494.535
1787207460000,4494.685,4495.355,4493.825,4494.855
1787207520000,4494.965,4495.505,4494.155,4494.535
1787207580000,4494.415,4494.775,4493.225,4493.845
1787207640000,4493.995,4495.685,4493.845,4495.635
1787207700000,4495.405,4495.945,4494.585,4495.265
1787207760000,4495.165,4495.575,4494.535,4495.135
1787207820000,4495.245,4495.695,4494.615,4494.645
1787207880000,4494.755,4494.775,4494.075,4494.725
1787207940000,4494.615,4494.745,4493.705,4493.985
1787208000000,4493.865,4494.885,4493.035,4493.805
1787208060000,4493.935,4494.525,4493.485,4493.825
1787208120000,4493.675,4494.215,4493.155,4493.285
1787208180000,4493.315,4493.955,4492.915,4493.185
1787208240000,4493.355,4493.355,4492.125,4492.875
1787208300000,4493.005,4495.855,4493.005,4495.285
1787208360000,4495.155,4495.695,4494.575,4495.425
1787208420000,4495.145,4495.755,4494.345,4494.425
1787208480000,4494.195,4494.855,4493.915,4494.805
1787208540000,4494.905,4494.915,4493.045,4493.645
1787208600000,4493.505,4493.625,4491.795,4492.935
1787208660000,4492.925,4493.585,4492.165,4492.585
1787208720000,4492.725,4493.705,4492.725,4493.115
1787208780000,4493.155,4493.775,4492.625,4492.745
1787208840000,4492.335,4493.485,4492.145,4492.525
1787208900000,4492.395,4492.695,4491.575,4492.075
1787208960000,4492.015,4492.885,4491.675,4492.295
1787209020000,4492.285,4493.705,4492.075,4493.555
1787209080000,4493.335,4494.555,4493.145,4494.315
1787209140000,4494.385,4494.785,4493.935,4494.115
1787209200000,4493.875,4494.235,4492.365,4493.185
1787209260000,4493.085,4493.645,4492.015,4492.495
1787209320000,4492.425,4492.595,4488.555,4489.105
1787209380000,4489.095,4489.495,4488.815,4489.165
1787209440000,4489.175,4489.315,4487.885,4488.975
1787209500000,4489.015,4489.015,4487.815,4488.155
1787209560000,4488.215,4489.505,4487.925,4489.295
1787209620000,4489.295,4489.465,4488.025,4488.605
1787209680000,4488.635,4490.575,4488.635,4490.285
1787209740000,4490.315,4491.065,4489.465,4489.535
1787209800000,4489.575,4490.615,4489.525,4490.275
1787209860000,4490.285,4490.705,4489.745,4490.025
1787209920000,4490.045,4490.645,4489.445,4489.905
1787209980000,4489.925,4489.925,4488.775,4488.865
1787210040000,4488.795,4488.965,4487.535,4488.245
1787210100000,4488.235,4490.795,4488.065,4489.435
1787210160000,4489.595,4489.645,4487.875,4488.625
1787210220000,4488.695,4488.695,4487.975,4488.495
1787210280000,4488.455,4488.505,4487.625,4487.745
1787210340000,4487.695,4488.535,4487.345,4487.455
1787210400000,4487.395,4487.985,4486.905,4487.295
1787210460000,4487.295,4488.505,4487.275,4487.535
1787210520000,4487.435,4488.245,4487.415,4487.685
1787210580000,4487.685,4487.795,4486.365,4486.885
1787210640000,4486.845,4487.585,4485.855,4485.985
1787210700000,4485.865,4486.225,4485.235,4485.655
1787210760000,4485.965,4486.575,4485.375,4485.395
1787210820000,4485.425,4485.735,4484.405,4485.075
1787210880000,4484.885,4485.325,4483.915,4484.045
1787210940000,4484.035,4485.015,4484.015,4484.375
1787211000000,4484.385,4485.115,4483.815,4485.115
1787211060000,4485.185,4486.485,4484.665,4486.465
1787211120000,4486.495,4486.495,4484.585,4485.235
1787211180000,4485.265,4487.525,4484.865,4487.295
1787211240000,4487.295,4490.145,4486.735,4490.145
1787211300000,4490.225,4491.535,4489.765,4490.515
1787211360000,4490.385,4491.535,4490.295,4490.935
1787211420000,4490.915,4491.215,4489.955,4490.355
1787211480000,4490.115,4491.745,4489.935,4491.005
1787211540000,4490.835,4491.235,4489.405,4490.515
1787211600000,4490.335,4492.285,4490.185,4492.255
1787211660000,4492.235,4493.485,4491.315,4492.715
1787211720000,4492.815,4493.995,4491.645,4491.885
1787211780000,4491.805,4492.455,4490.095,4490.205
1787211840000,4490.315,4491.575,4489.595,4491.575
1787211900000,4491.415,4492.995,4490.325,4492.685
1787211960000,4492.685,4492.945,4492.145,4492.915
1787212020000,4492.955,4494.685,4491.095,4491.235
1787212080000,4491.115,4491.365,4489.745,4489.975
1787212140000,4490.025,4490.875,4489.595,4489.695
1787212200000,4489.695,4489.915,4488.885,4489.625
1787212260000,4489.585,4490.945,4488.645,4490.935
1787212320000,4490.945,4490.995,4489.125,4489.995
1787212380000,4489.855,4490.185,4489.125,4489.905
1787212440000,4490.015,4491.335,4489.835,4491.335
1787212500000,4491.345,4492.105,4491.135,4491.855
1787212560000,4491.955,4492.845,4490.585,4492.265
1787212620000,4492.265,4492.265,4490.465,4490.695
1787212680000,4490.605,4491.095,4489.815,4489.885
1787212740000,4489.815,4491.675,4489.575,4491.245
1787212800000,4491.355,4491.895,4490.965,4491.685
1787212860000,4491.705,4494.145,4491.705,4493.335
1787212920000,4493.515,4493.975,4491.025,4491.625
1787212980000,4491.765,4495.405,4491.765,4494.175
1787213040000,4494.175,4494.225,4492.185,4492.945
1787213100000,4492.875,4493.075,4491.735,4491.805
1787213160000,4491.805,4494.015,4491.625,4493.815
1787213220000,4493.825,4494.785,4492.945,4494.715
1787213280000,4494.595,4494.745,4493.175,4493.445
1787213340000,4493.345,4494.625,4492.585,4494.405
1787213400000,4494.325,4495.845,4493.405,4493.765
1787213460000,4493.645,4493.805,4492.025,4492.665
1787213520000,4492.585,4493.665,4492.225,4492.925
1787213580000,4493.105,4493.125,4492.215,4492.635
1787213640000,4492.635,4495.085,4492.465,4494.835
1787213700000,4494.735,4495.335,4494.395,4495.115
1787213760000,4495.165,4498.445,4494.855,4498.285
1787213820000,4498.135,4498.645,4497.285,4497.695
1787213880000,4497.715,4498.605,4496.985,4497.755
1787213940000,4497.875,4498.985,4496.005,4496.605
1787214000000,4496.605,4496.865,4496.165,4496.255
1787214060000,4496.255,4497.435,4495.185,4497.165
1787214120000,4496.905,4497.775,4496.525,4497.405
1787214180000,4497.405,4497.985,4497.075,4497.685
1787214240000,4497.575,4498.475,4495.705,4495.885
1787214300000,4495.665,4496.595,4494.835,4495.405
1787214360000,4495.405,4495.405,4492.875,4492.935
1787214420000,4492.735,4492.735,4490.405,4491.005
1787214480000,4490.915,4491.345,4490.425,4490.775
1787214540000,4490.805,4492.195,4490.595,4491.755
1787214600000,4491.705,4492.175,4490.135,4490.575
1787214660000,4490.685,4490.805,4487.485,4488.125
1787214720000,4488.105,4489.275,4487.835,4488.395
1787214780000,4488.325,4490.335,4488.175,4489.585
1787214840000,4489.635,4493.545,4489.635,4493.495
1787214900000,4493.465,4495.515,4492.565,4494.455
1787214960000,4494.315,4495.795,4494.085,4494.575
1787215020000,4494.595,4495.455,4494.455,4495.445
1787215080000,4495.435,4495.735,4494.125,4494.465
1787215140000,4494.315,4494.315,4490.225,4492.075
1787215200000,4491.885,4492.625,4491.385,4492.275
1787215260000,4492.265,4492.395,4490.835,4490.855
1787215320000,4490.765,4493.185,4490.585,4492.745
1787215380000,4492.725,4493.365,4491.985,4492.205
1787215440000,4492.515,4492.515,4490.975,4490.985
1787215500000,4490.955,4491.945,4490.375,4491.735
1787215560000,4490.935,4491.395,4488.655,4489.105
1787215620000,4489.115,4489.605,4488.635,4488.975
1787215680000,4488.925,4489.585,4488.675,4489.045
1787215740000,4489.155,4489.575,4488.365,4488.375
1787215800000,4488.535,4489.835,4488.045,4489.715
1787215860000,4489.675,4490.295,4489.365,4489.365
1787215920000,4489.255,4490.685,4488.895,4490.685
1787215980000,4490.565,4491.145,4490.285,4491.055
1787216040000,4490.995,4492.315,4490.685,4492.165
1787216100000,4492.125,4492.365,4490.095,4490.095
1787216160000,4490.225,4490.585,4489.215,4489.635
1787216220000,4489.595,4489.615,4488.045,4488.045
1787216280000,4488.155,4490.255,4487.835,4490.235
1787216340000,4490.235,4490.235,4488.875,4489.755
1787216400000,4489.755,4490.075,4488.885,4489.005
1787216460000,4489.105,4489.995,4488.835,4489.255
1787216520000,4489.405,4490.255,4488.775,4489.735
1787216580000,4489.595,4491.035,4489.265,4490.515
1787216640000,4490.635,4491.485,4489.925,4491.165
1787216700000,4491.145,4491.625,4489.475,4489.475
1787216760000,4489.475,4491.145,4489.145,4491.115
1787216820000,4491.085,4492.175,4490.875,4492.175
1787216880000,4492.065,4493.515,4491.695,4492.205
1787216940000,4492.345,4493.035,4491.585,4492.055
1787217000000,4492.085,4494.635,4492.055,4493.385
1787217060000,4493.385,4493.895,4491.755,4492.625
1787217120000,4492.695,4492.795,4491.755,4492.375
1787217180000,4492.135,4493.045,4491.775,4492.355
1787217240000,4492.355,4493.115,4492.355,4492.675
1787217300000,4492.675,4493.145,4492.335,4493.145
1787217360000,4493.145,4494.275,4492.925,4493.125
1787217420000,4493.015,4494.115,4491.125,4491.425
1787217480000,4491.375,4492.085,4490.845,4490.995
1787217540000,4490.995,4491.095,4489.385,4489.595
1787217600000,4489.595,4489.945,4488.535,4489.145
1787217660000,4489.295,4493.275,4489.165,4492.475
1787217720000,4492.605,4492.605,4491.405,4491.665
1787217780000,4491.675,4491.935,4490.745,4491.025
1787217840000,4491.025,4491.335,4489.975,4490.125
1787217900000,4490.125,4491.045,4490.015,4490.495
1787217960000,4490.485,4490.535,4489.285,4489.425
1787218020000,4489.245,4490.105,4488.545,4489.815
1787218080000,4489.735,4490.025,4489.015,4489.515
1787218140000,4489.405,4491.165,4489.155,4490.335
1787218200000,4490.195,4490.315,4488.135,4489.855
1787218260000,4489.785,4490.985,4489.415,4489.625
1787218320000,4489.635,4490.545,4488.175,4489.585
1787218380000,4489.585,4489.905,4488.065,4488.255
1787218440000,4488.255,4488.355,4487.245,4487.885
1787218500000,4487.935,4488.425,4486.875,4486.985
1787218560000,4486.985,4488.755,4486.475,4487.995
1787218620000,4488.105,4488.105,4485.705,4486.285
1787218680000,4486.265,4486.465,4484.835,4485.085
1787218740000,4484.965,4486.775,4484.915,4486.645
1787218800000,4486.635,4488.065,4486.415,4487.255
1787218860000,4487.255,4488.095,4486.165,4486.855
1787218920000,4486.885,4489.775,4486.805,4489.295
1787218980000,4489.175,4490.785,4488.415,4490.625
1787219040000,4490.555,4490.635,4489.335,4489.565
1787219100000,4489.415,4489.415,4488.685,4489.235
1787219160000,4489.215,4489.215,4488.015,4488.115
1787219220000,4488.125,4488.865,4486.195,4486.545
1787219280000,4486.365,4486.935,4485.775,4486.815
1787219340000,4486.815,4486.935,4485.345,4485.895
1787219400000,4485.935,4486.595,4485.375,4485.705
1787219460000,4485.685,4485.945,4484.455,4485.625
1787219520000,4485.575,4485.965,4484.195,4485.645
1787219580000,4485.515,4485.695,4482.965,4483.285
1787219640000,4483.285,4484.215,4482.265,4484.215
1787219700000,4484.335,4484.345,4482.695,4482.925
1787219760000,4482.885,4483.075,4482.185,4482.835
1787219820000,4482.805,4483.885,4482.455,4483.645
1787219880000,4483.645,4485.215,4483.275,4484.615
1787219940000,4484.615,4484.665,4482.985,4482.995
1787220000000,4482.995,4483.215,4481.035,4483.215
1787220060000,4483.185,4483.225,4481.155,4482.755
1787220120000,4482.905,4483.755,4482.535,4483.385
1787220180000,4483.505,4486.125,4483.505,4485.645
1787220240000,4485.605,4486.485,4485.545,4485.825
1787220300000,4485.775,4487.385,4485.665,4486.695
1787220360000,4486.675,4487.315,4486.495,4487.115
1787220420000,4487.135,4487.565,4486.585,4486.945
1787220480000,4486.975,4487.915,4486.765,4487.515
1787220540000,4487.565,4490.165,4487.555,4489.975
1787220600000,4489.955,4490.475,4488.545,4489.265
1787220660000,4489.245,4490.095,4488.825,4489.225
1787220720000,4489.355,4489.975,4489.015,4489.575
1787220780000,4489.575,4490.675,4489.235,4490.465
1787220840000,4490.445,4491.735,4490.185,4490.945
1787220900000,4490.965,4491.645,4490.515,4490.715
1787220960000,4490.695,4492.025,4490.685,4490.785
1787221020000,4490.875,4491.505,4490.775,4491.475
1787221080000,4491.475,4491.825,4491.025,4491.495
1787221140000,4491.735,4492.075,4490.355,4490.935
1787221200000,4490.885,4491.195,4488.455,4489.095
1787221260000,4489.095,4489.095,4487.295,4487.515
1787221320000,4487.465,4487.755,4486.915,4487.305
1787221380000,4487.305,4487.805,4487.015,4487.065
1787221440000,4487.065,4489.295,4486.755,4489.295
1787221500000,4489.405,4491.285,4488.715,4490.025
1787221560000,4489.935,4491.125,4489.615,4491.125
1787221620000,4491.165,4491.985,4491.035,4491.035
1787221680000,4491.035,4493.505,4490.865,4492.785
1787221740000,4492.775,4494.565,4492.205,4494.205
1787221800000,4494.205,4495.225,4493.855,4494.525
1787221860000,4494.545,4494.575,4493.705,4494.345
1787221920000,4494.475,4494.965,4494.075,4494.605
1787221980000,4494.495,4495.015,4493.555,4493.595
1787222040000,4493.695,4493.715,4492.765,4493.485
1787222100000,4493.435,4493.575,4492.785,4492.905
1787222160000,4492.875,4495.175,4492.615,4493.685
1787222220000,4493.725,4494.495,4493.065,4493.215
1787222280000,4493.265,4493.435,4491.005,4491.625
1787222340000,4491.725,4491.915,4490.465,4490.825
1787222400000,4490.665,4491.305,4490.355,4490.865
1787222460000,4490.855,4491.395,4490.615,4490.775
1787222520000,4490.835,4491.335,4490.635,4491.295
1787222580000,4491.195,4491.285,4490.655,4490.655
1787222640000,4490.555,4491.605,4490.485,4491.575
1787222700000,4491.515,4491.615,4490.825,4490.965
1787222760000,4490.895,4490.895,4489.175,4489.175
1787222820000,4489.175,4491.135,4489.115,4490.935
1787222880000,4490.905,4491.015,4489.885,4489.885
1787222940000,4489.885,4490.675,4489.885,4490.545
1787223000000,4490.545,4491.095,4490.415,4490.655
1787223060000,4490.625,4490.705,4489.515,4490.495
1787223120000,4490.345,4490.345,4489.485,4489.765
1787223180000,4489.695,4489.905,4488.825,4489.145
1787223240000,4489.065,4489.095,4487.935,4488.305
1787223300000,4488.195,4488.825,4487.905,4488.655
1787223360000,4488.695,4488.815,4488.135,4488.295
1787223420000,4488.295,4490.275,4488.295,4489.175
1787223480000,4489.035,4490.095,4488.745,4490.075
1787223540000,4489.955,4490.925,4489.755,4490.415
1787223600000,4490.535,4491.185,4487.995,4488.865
1787223660000,4488.865,4491.225,4487.975,4490.955
1787223720000,4490.835,4491.665,4490.225,4490.725
1787223780000,4490.495,4491.005,4490.145,4490.725
1787223840000,4490.595,4490.595,4488.285,4488.765
1787223900000,4488.725,4488.755,4486.495,4487.735
1787223960000,4487.695,4488.105,4487.095,4487.365
1787224020000,4487.335,4488.475,4487.165,4488.425
1787224080000,4488.395,4488.395,4486.065,4487.665
1787224140000,4487.565,4487.895,4486.895,4487.705
1787224200000,4487.685,4487.965,4486.975,4487.325
1787224260000,4487.355,4487.645,4485.525,4486.625
1787224320000,4486.605,4487.615,4485.535,4487.075
1787224380000,4486.955,4487.355,4484.335,4484.455
1787224440000,4484.405,4485.695,4483.165,4485.695
1787224500000,4485.675,4485.675,4484.685,4484.975
1787224560000,4485.015,4486.185,4484.725,4485.605
1787224620000,4485.605,4485.975,4482.665,4482.745
1787224680000,4482.715,4482.875,4481.505,4481.895
1787224740000,4481.895,4482.985,4481.645,4482.705
1787224800000,4482.785,4484.025,4482.045,4483.995
1787224860000,4484.015,4485.115,4483.335,4483.505
1787224920000,4483.505,4485.465,4483.115,4484.485
1787224980000,4484.515,4485.995,4484.515,4485.805
1787225040000,4485.875,4487.955,4485.425,4487.895
1787225100000,4487.745,4489.635,4487.745,4489.495
1787225160000,4489.365,4490.225,4487.785,4487.815
1787225220000,4487.815,4488.835,4487.285,4487.315
1787225280000,4487.155,4487.305,4484.665,4484.985
1787225340000,4485.125,4485.485,4484.395,4484.625
1787225400000,4484.695,4485.015,4484.055,4484.315
1787225460000,4484.335,4485.265,4483.305,4485.265
1787225520000,4485.305,4486.245,4484.665,4485.105
1787225580000,4485.285,4485.435,4482.925,4483.915
1787225640000,4483.995,4485.295,4483.445,4485.295
1787225700000,4485.255,4487.205,4484.905,4486.885
1787225760000,4486.935,4486.935,4482.895,4482.895
1787225820000,4482.805,4483.435,4480.595,4480.935
1787225880000,4480.935,4481.305,4480.355,4480.955
1787225940000,4481.015,4482.675,4480.555,4482.175
1787226000000,4482.145,4482.975,4479.155,4479.335
1787226060000,4479.375,4479.785,4477.135,4479.065
1787226120000,4479.205,4479.315,4477.575,4478.305
1787226180000,4478.305,4479.155,4476.875,4477.405
1787226240000,4477.405,4477.755,4474.485,4475.075
1787226300000,4475.275,4476.145,4470.075,4471.465
1787226360000,4471.385,4471.585,4468.605,4468.815
1787226420000,4468.965,4471.455,4468.285,4470.445
1787226480000,4470.325,4470.715,4466.165,4468.945
1787226540000,4469.205,4472.725,4469.205,4471.515
1787226600000,4471.325,4473.345,4470.115,4470.955
1787226660000,4471.035,4471.035,4469.415,4470.205
1787226720000,4470.225,4470.345,4467.575,4468.145
1787226780000,4468.125,4471.305,4467.845,4468.915
1787226840000,4468.595,4468.595,4466.555,4467.555
1787226900000,4467.635,4470.765,4467.425,4470.765
1787226960000,4470.875,4471.675,4467.435,4468.255
1787227020000,4468.125,4468.745,4465.735,4467.575
1787227080000,4467.665,4468.335,4467.205,4467.515
1787227140000,4467.465,4467.755,4466.285,4467.445
1787227200000,4467.575,4467.675,4462.125,4462.315
1787227260000,4462.325,4462.695,4459.325,4459.455
1787227320000,4459.335,4461.685,4458.315,4459.775
1787227380000,4459.835,4461.185,4458.425,4459.885
1787227440000,4459.905,4460.165,4457.605,4458.635
1787227500000,4458.595,4459.755,4454.255,4456.495
1787227560000,4456.605,4456.605,4451.215,4451.815
1787227620000,4451.595,4456.005,4451.015,4454.165
1787227680000,4454.615,4458.775,4453.945,4456.345
1787227740000,4456.285,4457.665,4455.325,4457.265
1787227800000,4457.265,4461.535,4457.125,4460.445
1787227860000,4460.395,4461.395,4459.385,4460.965
1787227920000,4460.955,4464.405,4460.345,4464.235
1787227980000,4464.275,4466.505,4464.125,4466.175
1787228040000,4466.285,4466.775,4462.925,4462.925
1787228100000,4462.855,4466.385,4462.745,4464.075
1787228160000,4463.955,4464.375,4462.575,4463.775
1787228220000,4463.765,4466.755,4462.965,4466.485
1787228280000,4466.485,4467.235,4465.065,4465.545
1787228340000,4465.545,4467.885,4464.655,4467.465
1787228400000,4467.385,4468.325,4462.695,4462.695
1787228460000,4462.285,4465.115,4462.155,4463.825
1787228520000,4463.805,4464.925,4463.045,4464.135
1787228580000,4464.125,4465.395,4463.325,4464.915
1787228640000,4464.875,4467.145,4463.055,4464.305
1787228700000,4464.055,4464.265,4458.655,4458.865
1787228760000,4458.935,4459.205,4457.295,4459.105
1787228820000,4458.975,4460.215,4458.385,4460.005
1787228880000,4460.135,4461.085,4458.375,4458.495
1787228940000,4458.355,4460.215,4458.355,4460.205
1787229000000,4460.175,4461.595,4457.515,4458.835
1787229060000,4458.735,4458.845,4455.065,4455.575
1787229120000,4455.465,4455.945,4454.115,4455.575
1787229180000,4455.495,4456.275,4453.115,4455.575
1787229240000,4455.755,4456.255,4451.525,4453.795
1787229300000,4453.665,4457.085,4453.075,4454.675
1787229360000,4454.625,4457.285,4452.165,4457.185
1787229420000,4457.295,4460.605,4457.295,4459.585
1787229480000,4459.575,4459.845,4457.855,4459.675
1787229540000,4459.625,4463.725,4458.955,4463.485
1787229600000,4463.375,4465.805,4462.515,4465.405
1787229660000,4465.305,4466.195,4463.725,4464.455
1787229720000,4464.455,4464.865,4460.435,4460.775
1787229780000,4460.585,4466.735,4460.585,4466.675
1787229840000,4466.675,4467.485,4465.535,4467.095
1787229900000,4467.005,4467.165,4464.455,4466.225
1787229960000,4466.325,4468.105,4466.325,4467.345
1787230020000,4467.335,4469.655,4466.985,4468.705
1787230080000,4468.625,4471.655,4468.475,4471.335
1787230140000,4471.315,4471.895,4470.085,4471.735
1787230200000,4471.665,4472.065,4470.445,4471.815
1787230260000,4471.915,4474.615,4471.915,4474.315
1787230320000,4474.305,4475.725,4473.285,4473.475
1787230380000,4473.475,4474.195,4472.475,4472.695
1787230440000,4472.645,4473.385,4472.225,4472.475
1787230500000,4472.905,4473.605,4472.145,4473.265
1787230560000,4473.265,4474.425,4472.365,4474.175
1787230620000,4474.175,4475.555,4473.355,4474.205
1787230680000,4474.205,4477.455,4474.185,4476.965
1787230740000,4476.805,4476.805,4474.335,4475.105
1787230800000,4475.225,4482.555,4474.305,4482.165
1787230860000,4482.025,4484.815,4481.165,4484.025
1787230920000,4484.135,4484.255,4480.665,4482.315
1787230980000,4482.315,4482.755,4479.765,4479.905
1787231040000,4480.075,4482.175,4477.645,4478.855
1787231100000,4479.055,4480.635,4476.755,4478.555
1787231160000,4478.555,4479.345,4477.505,4477.855
1787231220000,4477.855,4478.625,4476.965,4478.075
1787231280000,4477.955,4478.135,4474.445,4475.115
1787231340000,4475.115,4475.975,4473.365,4474.095
1787231400000,4474.095,4476.095,4473.535,4474.225
1787231460000,4474.225,4475.015,4472.785,4473.385
1787231520000,4473.305,4475.125,4472.545,4473.945
1787231580000,4473.955,4475.915,4473.235,4475.185
1787231640000,4475.135,4475.215,4472.265,4473.275
1787231700000,4473.295,4473.535,4471.545,4472.745
1787231760000,4472.685,4475.805,4471.215,4475.205
1787231820000,4475.085,4475.635,4473.325,4475.135
1787231880000,4475.535,4476.055,4474.195,4475.135
1787231940000,4475.265,4477.045,4474.715,4475.225
1787232000000,4475.335,4476.545,4474.055,4474.445
1787232060000,4474.585,4476.985,4474.255,4475.045
1787232120000,4474.855,4475.685,4472.465,4472.535
1787232180000,4472.535,4474.935,4471.895,4474.495
1787232240000,4474.565,4475.305,4473.165,4474.465
1787232300000,4474.325,4474.755,4472.045,4472.675
1787232360000,4472.605,4473.985,4471.515,4473.485
1787232420000,4473.645,4474.335,4472.875,4474.295
1787232480000,4474.115,4474.745,4472.295,4472.845
1787232540000,4472.835,4473.305,4470.545,4472.195
1787232600000,4472.325,4477.805,4472.215,4472.545
1787232660000,4472.485,4475.615,4470.215,4470.885
1787232720000,4470.985,4474.615,4469.685,4473.045
1787232780000,4473.045,4476.205,4470.355,4475.395
1787232840000,4475.415,4476.385,4474.105,4476.105
1787232900000,4476.075,4486.155,4475.185,4483.955
1787232960000,4483.955,4485.925,4482.135,4483.145
1787233020000,4482.905,4484.715,4479.385,4482.345
1787233080000,4482.505,4485.865,4481.975,4484.525
1787233140000,4484.525,4487.025,4482.875,4484.195
1787233200000,4484.225,4484.275,4479.475,4480.265
1787233260000,4480.275,4485.405,4478.345,4485.315
1787233320000,4485.165,4486.785,4483.885,4485.715
1787233380000,4485.725,4488.265,4485.325,4486.985
1787233440000,4486.935,4487.375,4485.905,4487.125
1787233500000,4487.125,4489.735,4485.515,4485.875
1787233560000,4485.625,4487.175,4483.925,4484.415
1787233620000,4484.355,4484.355,4481.045,4483.795
1787233680000,4483.695,4484.395,4481.155,4483.115
1787233740000,4483.115,4484.575,4480.425,4482.625
1787233800000,4482.465,4483.935,4481.335,4483.285
1787233860000,4483.305,4483.845,4481.665,4482.365
1787233920000,4482.365,4486.565,4481.495,4486.565
1787233980000,4486.545,4486.965,4483.475,4483.545
1787234040000,4483.545,4486.235,4482.255,4486.125
1787234100000,4486.135,4487.315,4483.205,4484.405
1787234160000,4484.365,4485.025,4482.645,4482.695
1787234220000,4482.835,4483.055,4481.165,4481.225
1787234280000,4481.265,4483.095,4479.705,4482.155
1787234340000,4482.445,4482.755,4480.485,4482.035
1787234400000,4481.975,4488.955,4481.905,4488.895
1787234460000,4488.765,4490.165,4487.395,4489.575
1787234520000,4489.635,4491.105,4487.725,4487.765
1787234580000,4487.785,4487.945,4483.835,4485.045
1787234640000,4484.945,4486.055,4482.685,4483.735
1787234700000,4483.885,4483.995,4482.485,4482.745
1787234760000,4482.745,4486.925,4481.125,4483.615
1787234820000,4483.565,4484.745,4481.585,4484.555
1787234880000,4484.565,4486.275,4483.775,4485.125
1787234940000,4485.245,4487.045,4483.675,4485.715
1787235000000,4484.765,4487.275,4483.915,4487.255
1787235060000,4487.255,4489.235,4484.515,4487.195
1787235120000,4487.315,4488.245,4486.595,4488.025
1787235180000,4488.025,4489.495,4485.335,4485.365
1787235240000,4485.315,4486.285,4484.175,4485.375
1787235300000,4485.275,4487.125,4484.065,4486.885
1787235360000,4486.885,4487.945,4485.595,4487.875
1787235420000,4487.865,4489.905,4486.575,4487.845
1787235480000,4487.795,4489.475,4487.375,4488.205
1787235540000,4488.155,4488.195,4482.115,4482.385
1787235600000,4482.545,4487.815,4481.915,4487.775
1787235660000,4487.705,4491.315,4487.085,4489.285
1787235720000,4489.315,4489.365,4487.165,4487.795
1787235780000,4487.915,4491.855,4487.045,4491.685
1787235840000,4491.715,4494.225,4491.195,4491.195
1787235900000,4491.195,4492.595,4490.195,4490.285
1787235960000,4490.335,4491.035,4488.295,4489.445
1787236020000,4489.345,4490.045,4487.845,4488.235
1787236080000,4488.085,4491.125,4487.145,4489.915
1787236140000,4489.745,4493.475,4489.725,4491.925
1787236200000,4492.115,4496.005,4492.005,4493.885
1787236260000,4493.815,4494.785,4492.585,4493.535
1787236320000,4493.615,4495.525,4493.615,4495.115
1787236380000,4495.125,4497.205,4494.295,4497.055
1787236440000,4497.185,4497.565,4494.255,4494.675
1787236500000,4494.715,4498.825,4493.335,4498.195
1787236560000,4498.195,4500.465,4497.475,4499.705
1787236620000,4499.895,4501.365,4496.555,4496.955
1787236680000,4496.905,4497.655,4495.835,4496.745
1787236740000,4496.745,4497.785,4495.645,4496.285
1787236800000,4496.515,4497.175,4494.295,4496.805
1787236860000,4496.865,4497.025,4494.065,4494.435
1787236920000,4494.475,4498.695,4494.095,4498.545
1787236980000,4498.445,4500.395,4498.275,4500.135
1787237040000,4500.155,4501.635,4499.555,4499.645
1787237100000,4499.555,4502.585,4499.065,4502.325
1787237160000,4502.485,4506.095,4501.745,4504.475
1787237220000,4504.555,4505.465,4504.055,4504.405
1787237280000,4504.505,4506.945,4504.165,4506.465
1787237340000,4506.415,4509.285,4505.485,4508.445
1787237400000,4508.375,4509.435,4507.015,4507.665
1787237460000,4507.675,4508.725,4506.275,4506.275
1787237520000,4506.365,4508.775,4505.145,4507.845
1787237580000,4507.835,4510.895,4507.765,4509.095
1787237640000,4509.135,4510.815,4508.265,4510.285
1787237700000,4510.265,4511.655,4509.645,4510.545
1787237760000,4510.645,4512.495,4510.315,4512.425
1787237820000,4512.525,4516.185,4512.345,4514.525
1787237880000,4514.465,4516.565,4513.965,4514.155
1787237940000,4514.155,4516.515,4514.065,4516.275
1787238000000,4516.315,4519.425,4515.545,4518.555
1787238060000,4518.565,4529.395,4516.965,4522.775
1787238120000,4522.925,4536.705,4522.925,4525.975
1787238180000,4525.865,4536.875,4524.125,4535.995
1787238240000,4535.895,4537.055,4531.485,4536.105
1787238300000,4535.985,4536.895,4529.195,4529.425
1787238360000,4529.405,4532.945,4524.855,4525.245
1787238420000,4525.135,4532.595,4524.415,4530.675
1787238480000,4530.735,4532.325,4529.015,4530.335
1787238540000,4530.065,4530.495,4522.595,4525.005
1787238600000,4525.145,4529.355,4523.185,4524.325
1787238660000,4524.545,4526.465,4522.115,4525.495
1787238720000,4525.635,4533.325,4524.355,4533.325
1787238780000,4533.165,4536.905,4531.865,4536.115
1787238840000,4536.335,4537.805,4534.495,4535.395
1787238900000,4535.645,4535.925,4531.095,4535.925
1787238960000,4535.855,4537.565,4532.185,4535.115
1787239020000,4535.225,4540.315,4534.345,4539.985
1787239080000,4539.935,4540.265,4536.545,4537.735
1787239140000,4537.725,4541.225,4536.715,4540.385
1787239200000,4540.105,4541.635,4534.385,4535.045
1787239260000,4534.885,4535.055,4528.105,4528.105
1787239320000,4528.345,4528.945,4525.745,4525.745
1787239380000,4525.695,4527.695,4523.775,4524.715
1787239440000,4525.325,4528.925,4524.085,4527.935
1787239500000,4527.865,4528.635,4526.135,4526.635
1787239560000,4526.655,4531.645,4526.655,4530.375
1787239620000,4530.305,4534.845,4528.915,4532.705
1787239680000,4532.585,4534.225,4531.675,4533.145
1787239740000,4533.405,4533.925,4531.355,4532.875
1787239800000,4532.875,4534.545,4527.015,4529.125
1787239860000,4529.535,4530.585,4528.405,4528.735
1787239920000,4528.685,4529.475,4526.055,4529.125
1787239980000,4529.085,4529.535,4524.095,4524.785
1787240040000,4524.765,4525.795,4522.945,4524.345
1787240100000,4524.375,4527.115,4522.455,4522.615
1787240160000,4522.505,4523.825,4520.515,4523.465
1787240220000,4523.405,4524.265,4522.345,4522.705
1787240280000,4522.915,4525.265,4520.655,4521.455
1787240340000,4521.445,4521.495,4517.605,4518.935
1787240400000,4518.855,4520.045,4517.155,4517.805
1787240460000,4517.835,4518.015,4514.475,4515.455
1787240520000,4515.625,4519.875,4515.625,4518.425
1787240580000,4518.485,4518.725,4509.895,4511.935
1787240640000,4511.905,4514.095,4511.355,4511.875
1787240700000,4511.905,4517.265,4511.235,4516.345
1787240760000,4516.365,4519.505,4514.525,4518.755
1787240820000,4518.705,4519.915,4517.575,4519.485
1787240880000,4519.465,4521.405,4519.335,4519.945
1787240940000,4519.945,4521.765,4519.425,4520.495
1787241000000,4520.345,4521.995,4518.465,4519.375
1787241060000,4519.415,4519.835,4517.875,4519.325
1787241120000,4519.265,4520.115,4516.125,4516.345
1787241180000,4516.295,4518.325,4516.135,4518.325
1787241240000,4518.365,4520.705,4517.845,4519.535
1787241300000,4519.545,4520.495,4517.965,4519.735
1787241360000,4519.725,4521.555,4519.725,4521.555
1787241420000,4521.715,4523.545,4520.615,4523.285
1787241480000,4523.265,4524.015,4522.375,4523.825
1787241540000,4523.815,4524.415,4521.835,4522.025
1787241600000,4522.055,4523.935,4521.575,4523.755
1787241660000,4523.895,4525.005,4523.005,4524.545
1787241720000,4524.435,4525.135,4524.055,4524.365
1787241780000,4524.385,4524.655,4521.315,4523.095
1787241840000,4523.065,4523.135,4519.655,4519.935
1787241900000,4520.005,4522.435,4519.265,4520.175
1787241960000,4520.175,4521.575,4519.005,4521.355
1787242020000,4521.355,4521.495,4519.445,4519.915
1787242080000,4519.915,4521.115,4519.375,4520.565
1787242140000,4520.685,4520.795,4519.505,4520.245
1787242200000,4520.285,4520.755,4519.195,4519.635
1787242260000,4519.635,4519.925,4516.445,4516.555
1787242320000,4516.475,4516.675,4513.465,4514.565
1787242380000,4514.385,4515.045,4512.675,4513.035
1787242440000,4513.135,4513.215,4510.675,4511.565
1787242500000,4511.515,4511.515,4508.975,4509.325
1787242560000,4509.425,4510.315,4508.825,4509.865
1787242620000,4509.945,4511.705,4509.315,4510.725
1787242680000,4510.745,4511.775,4509.485,4511.405
1787242740000,4511.255,4513.525,4511.255,4512.395
1787242800000,4512.635,4512.955,4511.365,4512.045
1787242860000,4512.135,4512.175,4510.435,4511.125
1787242920000,4511.125,4512.725,4509.715,4511.905
1787242980000,4511.905,4512.495,4509.765,4510.235
1787243040000,4510.315,4513.355,4510.235,4512.175
1787243100000,4512.165,4512.205,4509.835,4509.985
1787243160000,4509.875,4509.925,4508.225,4508.855
1787243220000,4508.795,4509.225,4505.815,4506.115
1787243280000,4506.215,4509.075,4505.855,4508.695
1787243340000,4508.885,4509.775,4507.965,4509.585
1787243400000,4509.745,4510.045,4506.605,4507.685
1787243460000,4507.635,4508.265,4505.575,4505.845
1787243520000,4505.825,4506.065,4503.145,4504.915
1787243580000,4505.005,4508.105,4504.735,4507.515
1787243640000,4507.525,4510.375,4507.355,4509.645
1787243700000,4509.485,4511.505,4508.925,4511.165
1787243760000,4511.335,4513.105,4510.735,4511.885
1787243820000,4511.765,4511.895,4509.695,4509.705
1787243880000,4509.705,4509.805,4507.695,4509.105
1787243940000,4509.095,4509.355,4507.325,4507.595
1787244000000,4507.455,4510.165,4507.255,4509.605
1787244060000,4509.725,4510.575,4509.325,4509.515
1787244120000,4509.515,4510.245,4508.065,4508.205
1787244180000,4508.205,4509.145,4507.805,4508.695
1787244240000,4508.695,4509.985,4508.335,4509.645
1787244300000,4509.495,4510.315,4507.765,4509.045
1787244360000,4509.125,4512.765,4509.125,4512.515
1787244420000,4512.275,4512.735,4511.305,4512.075
1787244480000,4512.265,4512.425,4510.765,4512.105
1787244540000,4511.985,4512.665,4511.695,4512.325
1787244600000,4512.245,4514.145,4511.705,4511.955
1787244660000,4511.945,4512.575,4511.425,4511.625
1787244720000,4511.735,4512.205,4510.165,4510.505
1787244780000,4510.525,4510.975,4509.085,4510.935
1787244840000,4510.955,4511.165,4509.765,4509.765
1787244900000,4509.765,4510.455,4509.145,4510.265
1787244960000,4510.295,4510.425,4509.425,4509.715
1787245020000,4509.795,4511.525,4509.155,4510.285
1787245080000,4510.155,4511.375,4509.585,4509.585
1787245140000,4509.605,4510.505,4508.135,4510.395
1787245200000,4510.595,4512.505,4510.315,4512.315
1787245260000,4512.435,4513.055,4511.965,4512.485
1787245320000,4512.565,4514.575,4511.285,4511.465
1787245380000,4511.725,4512.745,4511.035,4511.835
1787245440000,4511.855,4512.415,4511.415,4511.925
1787245500000,4511.955,4512.235,4510.715,4511.645
1787245560000,4511.635,4512.125,4510.525,4510.765
1787245620000,4510.785,4511.745,4510.125,4511.155
1787245680000,4511.175,4511.325,4508.205,4509.095
1787245740000,4509.075,4510.985,4509.075,4510.355
1787245800000,4510.265,4510.715,4509.785,4509.925
1787245860000,4509.835,4509.935,4508.135,4509.155
1787245920000,4509.215,4509.635,4508.855,4509.365
1787245980000,4509.315,4509.975,4508.755,4508.895
1787246040000,4508.875,4511.075,4508.275,4509.795
1787246100000,4509.765,4509.885,4508.365,4508.465
1787246160000,4508.545,4511.365,4508.255,4511.175
1787246220000,4511.215,4511.645,4510.605,4511.405
1787246280000,4511.385,4511.675,4510.495,4510.825
1787246340000,4510.705,4511.095,4508.735,4509.125
1787246400000,4509.125,4510.935,4508.695,4510.875
1787246460000,4511.055,4512.455,4510.905,4512.055
1787246520000,4511.725,4514.775,4511.575,4512.665
1787246580000,4512.635,4513.015,4512.155,4512.405
1787246640000,4512.275,4512.685,4510.755,4511.445
1787246700000,4511.525,4512.335,4510.875,4511.675
1787246760000,4511.715,4513.595,4511.445,4513.065
1787246820000,4513.065,4513.615,4509.735,4510.675
1787246880000,4510.655,4512.405,4510.635,4512.225
1787246940000,4512.635,4517.255,4512.635,4513.345
1787247000000,4513.545,4513.895,4511.325,4511.435
1787247060000,4511.415,4516.815,4511.415,4516.725
1787247120000,4516.765,4517.095,4516.075,4516.695
1787247180000,4516.695,4518.155,4516.435,4516.545
1787247240000,4516.575,4518.825,4516.445,4518.605
1787247300000,4518.485,4519.055,4517.075,4517.205
1787247360000,4517.095,4517.375,4516.545,4517.315
1787247420000,4517.335,4517.595,4516.705,4517.125
1787247480000,4517.085,4517.775,4516.345,4517.725
1787247540000,4517.675,4518.085,4516.995,4517.105
1787247600000,4517.045,4518.385,4516.465,4517.175
1787247660000,4517.175,4517.745,4516.935,4517.045
1787247720000,4517.075,4518.075,4516.685,4517.425
1787247780000,4517.445,4518.245,4517.155,4518.055
1787247840000,4518.165,4518.695,4517.905,4518.635
1787247900000,4518.585,4518.705,4517.585,4518.495
1787247960000,4518.625,4519.945,4518.055,4519.755
1787248020000,4519.755,4520.575,4519.255,4519.545
1787248080000,4520.355,4520.655,4519.965,4520.105
1787248140000,4519.975,4520.045,4519.055,4519.445
1787248200000,4519.445,4520.535,4519.145,4519.715
1787248260000,4519.735,4519.865,4518.755,4518.935
1787248320000,4518.815,4519.075,4518.305,4518.515
1787248380000,4518.495,4518.835,4517.495,4518.155
1787248440000,4518.245,4519.105,4517.855,4519.055
1787248500000,4519.075,4519.385,4518.265,4519.085
1787248560000,4519.085,4519.535,4518.705,4519.445
1787248620000,4519.445,4520.295,4519.185,4520.195
1787248680000,4520.195,4520.895,4519.565,4519.945
1787248740000,4520.005,4520.635,4519.495,4520.275
1787248800000,4520.335,4521.445,4520.015,4521.225
1787248860000,4521.325,4521.325,4518.655,4519.815
1787248920000,4519.935,4521.035,4519.815,4520.875
1787248980000,4520.915,4522.605,4520.905,4522.545
1787249040000,4522.515,4522.645,4521.135,4522.135
1787249100000,4522.105,4522.795,4520.755,4521.325
1787249160000,4521.325,4521.805,4519.635,4519.695
1787249220000,4519.815,4519.885,4517.085,4517.615
1787249280000,4517.625,4517.735,4515.265,4515.965
1787249340000,4515.955,4517.065,4515.725,4516.975
1787249400000,4517.065,4517.065,4514.455,4514.675
1787249460000,4514.745,4514.865,4512.965,4513.315
1787249520000,4513.315,4513.825,4509.835,4510.315
1787249580000,4510.305,4511.765,4510.255,4510.745
1787249640000,4510.745,4511.995,4510.485,4511.035
1787249700000,4511.035,4512.365,4510.575,4511.675
1787249760000,4511.675,4512.515,4508.675,4509.515
1787249820000,4509.495,4511.125,4509.445,4510.315
1787249880000,4510.295,4513.945,4509.215,4513.415
1787249940000,4513.525,4516.645,4513.525,4516.195
1787250000000,4516.315,4516.485,4515.315,4516.065
1787250060000,4515.945,4517.215,4515.795,4517.015
1787250120000,4517.065,4518.565,4516.935,4517.525
1787250180000,4517.515,4517.645,4515.865,4516.255
1787250240000,4516.135,4517.275,4516.125,4516.825
1787250300000,4516.725,4518.875,4516.725,4518.335
1787250360000,4518.315,4519.625,4518.285,4519.265
1787250420000,4519.285,4520.075,4519.115,4520.075
1787250480000,4519.935,4519.965,4518.665,4518.885
1787250540000,4518.935,4520.575,4518.935,4519.415
1787250600000,4519.035,4521.395,4518.855,4521.395
1787250660000,4521.115,4521.825,4520.425,4520.635
1787250720000,4520.635,4521.505,4520.535,4521.275
1787250780000,4521.225,4521.285,4519.965,4519.965
1787250840000,4519.795,4520.655,4519.415,4519.835
1787250900000,4519.835,4521.035,4519.245,4520.145
1787250960000,4520.145,4522.685,4519.585,4522.425
1787251020000,4522.305,4523.315,4522.215,4523.315
1787251080000,4523.295,4523.895,4522.095,4522.385
1787251140000,4522.435,4522.455,4521.015,4521.415
1787251200000,4521.415,4521.665,4520.665,4521.645
1787251260000,4521.745,4521.945,4521.235,4521.375
1787251320000,4521.375,4522.405,4521.255,4521.925
1787251380000,4521.795,4522.085,4520.475,4521.325
1787251440000,4521.315,4521.475,4520.175,4520.465
1787251500000,4520.465,4521.065,4519.445,4519.575
1787251560000,4519.645,4519.665,4518.285,4519.235
1787251620000,4519.355,4519.595,4518.575,4519.595
1787251680000,4519.505,4520.495,4519.105,4520.495
1787251740000,4520.495,4521.915,4519.985,4521.775
1787251800000,4521.675,4522.825,4521.385,4522.615
1787251860000,4522.615,4525.085,4522.615,4523.025
1787251920000,4523.045,4525.665,4522.955,4524.475
1787251980000,4524.475,4524.655,4523.695,4524.265
1787252040000,4524.265,4525.075,4523.795,4525.025
1787252100000,4525.065,4525.315,4523.705,4523.705
1787252160000,4523.845,4524.725,4523.715,4524.185
1787252220000,4524.185,4524.545,4523.645,4524.085
1787252280000,4524.125,4524.125,4522.095,4522.385
1787252340000,4522.285,4522.825,4521.575,4522.445
1787252400000,4522.395,4522.425,4518.515,4521.715
1787252460000,4521.735,4522.435,4521.495,4521.545
1787252520000,4521.565,4521.635,4520.725,4521.555
1787252580000,4521.655,4522.965,4521.255,4522.365
1787252640000,4522.265,4522.505,4520.855,4521.995
1787252700000,4522.035,4522.615,4521.615,4522.395
1787252760000,4522.385,4523.575,4522.105,4523.575
1787252820000,4523.595,4524.655,4523.445,4524.375
1787252880000,4524.505,4525.915,4524.035,4525.475
1787252940000,4525.475,4526.575,4525.235,4526.455
1787253000000,4526.475,4526.595,4524.675,4525.115
1787253060000,4525.145,4525.345,4524.715,4525.135
1787253120000,4525.385,4526.555,4525.335,4526.555
1787253180000,4526.535,4528.385,4526.365,4528.345
1787253240000,4528.345,4528.505,4527.675,4527.895
1787253300000,4527.985,4528.765,4527.925,4528.585
1787253360000,4528.635,4529.775,4528.385,4529.065
1787253420000,4528.905,4529.135,4527.725,4528.005
1787253480000,4527.965,4528.575,4527.695,4527.695
1787253540000,4527.735,4527.735,4525.965,4526.105
1787253600000,4526.135,4527.135,4525.345,4525.575
1787253660000,4525.515,4525.595,4524.185,4524.725
1787253720000,4524.825,4526.385,4524.555,4526.225
1787253780000,4526.195,4528.315,4526.065,4528.275
1787253840000,4528.265,4528.575,4527.315,4527.485
1787253900000,4527.395,4528.175,4527.055,4527.295
1787253960000,4527.225,4528.005,4525.915,4525.985
1787254020000,4526.005,4526.315,4524.885,4525.665
1787254080000,4525.615,4525.735,4523.915,4524.155
1787254140000,4524.155,4524.545,4522.885,4523.135
1787254200000,4522.975,4524.355,4522.245,4523.785
1787254260000,4523.735,4524.345,4523.155,4523.925
1787254320000,4523.955,4524.885,4523.225,4524.685
1787254380000,4524.685,4524.985,4523.825,4524.365
1787254440000,4524.205,4524.675,4523.635,4524.465
1787254500000,4524.465,4524.865,4523.415,4524.865
1787254560000,4524.865,4526.355,4523.945,4525.665
1787254620000,4525.545,4527.475,4525.235,4527.355
1787254680000,4527.355,4530.015,4527.355,4528.235
1787254740000,4528.345,4529.495,4528.055,4529.345
1787254800000,4529.195,4529.355,4527.985,4528.405
1787254860000,4528.425,4528.425,4527.505,4528.185
1787254920000,4528.185,4528.625,4526.795,4526.825
1787254980000,4526.785,4529.005,4526.695,4527.405
1787255040000,4527.265,4528.155,4526.655,4526.655
1787255100000,4526.675,4528.025,4525.465,4528.025
1787255160000,4527.905,4528.765,4526.445,4526.455
1787255220000,4526.455,4527.055,4525.295,4526.085
1787255280000,4526.205,4528.765,4525.975,4528.765
1787255340000,4528.665,4530.785,4528.665,4529.175
1787255400000,4529.155,4531.525,4528.895,4531.175
1787255460000,4531.305,4531.785,4529.085,4529.095
1787255520000,4529.135,4530.145,4528.455,4529.945
1787255580000,4530.005,4532.245,4529.465,4531.785
1787255640000,4531.895,4532.435,4531.205,4531.435
1787255700000,4531.445,4531.735,4530.635,4531.655
1787255760000,4531.495,4531.915,4528.505,4529.315
1787255820000,4529.405,4529.405,4527.575,4528.875
1787255880000,4528.955,4529.445,4527.975,4528.235
1787255940000,4528.165,4529.445,4527.215,4529.075
1787256000000,4528.975,4529.465,4528.465,4528.845
1787256060000,4528.485,4529.325,4526.785,4526.845
1787256120000,4526.835,4527.345,4526.165,4527.315
1787256180000,4527.445,4528.425,4527.295,4528.215
1787256240000,4528.335,4528.745,4527.345,4527.445
1787256300000,4527.385,4528.325,4527.065,4527.345
1787256360000,4527.345,4527.445,4526.095,4526.535
1787256420000,4526.195,4526.195,4525.495,4525.605
1787256480000,4525.715,4525.715,4522.945,4523.505
1787256540000,4523.505,4523.965,4523.195,4523.235
1787256600000,4523.235,4524.825,4523.235,4524.675
1787256660000,4524.695,4524.985,4524.515,4524.745
1787256720000,4524.645,4525.295,4524.105,4525.295
1787256780000,4525.295,4525.305,4522.775,4523.015
1787256840000,4522.945,4523.565,4522.775,4522.775
1787256900000,4522.735,4523.115,4521.885,4522.365
1787256960000,4522.365,4522.665,4522.015,4522.015
1787257020000,4521.905,4522.225,4521.285,4521.885
1787257080000,4521.825,4522.485,4521.515,4522.325
1787257140000,4522.325,4522.425,4521.625,4522.315
1787257200000,4522.275,4522.515,4522.045,4522.275
1787257260000,4522.275,4522.325,4521.915,4522.175
1787257320000,4522.215,4522.345,4521.445,4521.665
1787257380000,4521.795,4522.265,4521.165,4521.825
1787257440000,4521.845,4522.695,4521.365,4521.665
1787257500000,4521.665,4522.075,4520.815,4521.225
1787257560000,4521.305,4521.325,4520.865,4520.865
1787257620000,4520.905,4522.005,4520.845,4521.785
1787257680000,4521.785,4522.035,4521.155,4521.515
1787257740000,4521.625,4522.355,4521.065,4521.225
1787257800000,4521.345,4521.425,4520.575,4521.105
1787257860000,4521.105,4521.195,4519.555,4520.445
1787257920000,4520.265,4520.265,4519.605,4519.675
1787257980000,4519.625,4519.695,4518.385,4518.805
1787258040000,4518.755,4518.855,4517.195,4518.345
1787258100000,4518.345,4518.855,4517.825,4517.995
1787258160000,4517.965,4518.555,4517.705,4517.885
1787258220000,4517.885,4518.475,4517.885,4518.265
1787258280000,4518.425,4519.025,4518.135,4518.255
1787258340000,4518.335,4518.475,4517.805,4518.325
1787258400000,4518.085,4519.035,4518.085,4518.745
1787258460000,4518.835,4518.955,4518.475,4518.565
1787258520000,4518.565,4518.895,4518.405,4518.685
1787258580000,4518.685,4519.265,4518.525,4519.265
1787258640000,4519.105,4519.125,4518.485,4518.595
1787258700000,4518.755,4519.055,4518.595,4519.055
1787258760000,4518.945,4519.485,4518.945,4519.255
1787258820000,4519.135,4519.375,4518.635,4518.745
1787258880000,4518.865,4518.865,4518.465,4518.475
1787258940000,4518.375,4519.225,4518.375,4519.115
1787259000000,4518.835,4519.655,4518.555,4519.215
1787259060000,4519.265,4521.415,4518.995,4521.415
1787259120000,4521.265,4521.735,4520.555,4521.715
1787259180000,4521.705,4521.705,4520.875,4521.115
1787259240000,4520.995,4521.205,4519.555,4520.155
1787259300000,4520.275,4520.645,4519.275,4519.735
1787259360000,4519.615,4520.395,4519.465,4519.585
1787259420000,4519.595,4519.845,4519.205,4519.275
1787259480000,4519.385,4519.765,4519.255,4519.705
1787259540000,4519.555,4519.655,4518.165,4518.795
1787259600000,4518.795,4518.795,4518.795,4518.795
1787259660000,4518.795,4518.795,4518.795,4518.795
1787259720000,4518.795,4518.795,4518.795,4518.795
1787259780000,4518.795,4518.795,4518.795,4518.795
1787259840000,4518.795,4518.795,4518.795,4518.795
1787259900000,4518.795,4518.795,4518.795,4518.795
1787259960000,4518.795,4518.795,4518.795,4518.795
1787260020000,4518.795,4518.795,4518.795,4518.795
1787260080000,4518.795,4518.795,4518.795,4518.795
1787260140000,4518.795,4518.795,4518.795,4518.795
1787260200000,4518.795,4518.795,4518.795,4518.795
1787260260000,4518.795,4518.795,4518.795,4518.795
1787260320000,4518.795,4518.795,4518.795,4518.795
1787260380000,4518.795,4518.795,4518.795,4518.795
1787260440000,4518.795,4518.795,4518.795,4518.795
1787260500000,4518.795,4518.795,4518.795,4518.795
1787260560000,4518.795,4518.795,4518.795,4518.795
1787260620000,4518.795,4518.795,4518.795,4518.795
1787260680000,4518.795,4518.795,4518.795,4518.795
1787260740000,4518.795,4518.795,4518.795,4518.795
1787260800000,4518.795,4518.795,4518.795,4518.795
1787260860000,4518.795,4518.795,4518.795,4518.795
1787260920000,4518.795,4518.795,4518.795,4518.795
1787260980000,4518.795,4518.795,4518.795,4518.795
1787261040000,4518.795,4518.795,4518.795,4518.795
1787261100000,4518.795,4518.795,4518.795,4518.795
1787261160000,4518.795,4518.795,4518.795,4518.795
1787261220000,4518.795,4518.795,4518.795,4518.795
1787261280000,4518.795,4518.795,4518.795,4518.795
1787261340000,4518.795,4518.795,4518.795,4518.795
1787261400000,4518.795,4518.795,4518.795,4518.795
1787261460000,4518.795,4518.795,4518.795,4518.795
1787261520000,4518.795,4518.795,4518.795,4518.795
1787261580000,4518.795,4518.795,4518.795,4518.795
1787261640000,4518.795,4518.795,4518.795,4518.795
1787261700000,4518.795,4518.795,4518.795,4518.795
1787261760000,4518.795,4518.795,4518.795,4518.795
1787261820000,4518.795,4518.795,4518.795,4518.795
1787261880000,4518.795,4518.795,4518.795,4518.795
1787261940000,4518.795,4518.795,4518.795,4518.795
1787262000000,4518.795,4518.795,4518.795,4518.795
1787262060000,4518.795,4518.795,4518.795,4518.795
1787262120000,4518.795,4518.795,4518.795,4518.795
1787262180000,4518.795,4518.795,4518.795,4518.795
1787262240000,4518.795,4518.795,4518.795,4518.795
1787262300000,4518.795,4518.795,4518.795,4518.795
1787262360000,4518.795,4518.795,4518.795,4518.795
1787262420000,4518.795,4518.795,4518.795,4518.795
1787262480000,4518.795,4518.795,4518.795,4518.795
1787262540000,4518.795,4518.795,4518.795,4518.795
1787262600000,4518.795,4518.795,4518.795,4518.795
1787262660000,4518.795,4518.795,4518.795,4518.795
1787262720000,4518.795,4518.795,4518.795,4518.795
1787262780000,4518.795,4518.795,4518.795,4518.795
1787262840000,4518.795,4518.795,4518.795,4518.795
1787262900000,4518.795,4518.795,4518.795,4518.795
1787262960000,4518.795,4518.795,4518.795,4518.795
1787263020000,4518.795,4518.795,4518.795,4518.795
1787263080000,4518.795,4518.795,4518.795,4518.795
1787263140000,4518.795,4518.795,4518.795,4518.795
1787263200000,4519.165,4521.875,4518.415,4521.135
1787263260000,4521.275,4521.965,4520.065,4520.985
1787263320000,4520.735,4520.745,4520.415,4520.545
1787263380000,4520.645,4521.115,4520.175,4520.685
1787263440000,4520.405,4521.485,4520.065,4520.365
1787263500000,4520.365,4521.015,4519.905,4520.795
1787263560000,4520.795,4520.945,4520.295,4520.365
1787263620000,4520.615,4520.945,4519.525,4519.885
1787263680000,4519.655,4520.095,4519.515,4519.655
1787263740000,4519.825,4519.825,4518.215,4518.215
1787263800000,4518.345,4518.455,4517.105,4517.495
1787263860000,4517.425,4519.945,4517.425,4519.945
1787263920000,4519.745,4520.055,4518.655,4518.655
1787263980000,4518.975,4519.285,4518.455,4518.655
1787264040000,4518.805,4519.565,4518.625,4518.905
1787264100000,4519.195,4520.405,4518.695,4520.245
1787264160000,4519.585,4520.305,4519.285,4520.245
1787264220000,4520.365,4520.475,4519.535,4520.295
1787264280000,4520.305,4520.415,4519.675,4520.335
1787264340000,4520.445,4520.735,4519.815,4520.085
1787264400000,4519.795,4520.445,4519.555,4520.205
1787264460000,4520.045,4520.045,4518.685,4519.105
1787264520000,4519.215,4519.425,4518.365,4518.935
1787264580000,4518.705,4518.905,4518.045,4518.405
1787264640000,4518.565,4519.245,4518.455,4518.845
1787264700000,4518.985,4519.925,4518.645,4519.925
1787264760000,4519.915,4519.915,4519.165,4519.515
1787264820000,4519.245,4520.555,4519.165,4520.505
1787264880000,4520.255,4521.475,4519.505,4519.535
1787264940000,4519.635,4519.975,4518.905,4519.855
1787265000000,4519.965,4520.375,4518.665,4519.325
1787265060000,4519.185,4520.435,4519.045,4519.755
1787265120000,4519.645,4520.035,4519.325,4519.545
1787265180000,4519.445,4520.475,4519.445,4520.205
1787265240000,4520.495,4520.905,4520.085,4520.645
1787265300000,4520.805,4520.915,4519.945,4520.305
1787265360000,4520.335,4521.505,4520.325,4521.085
1787265420000,4520.965,4521.575,4520.365,4521.465
1787265480000,4521.365,4522.995,4520.945,4522.615
1787265540000,4522.175,4522.595,4521.865,4522.105
1787265600000,4522.235,4522.755,4521.665,4522.595
1787265660000,4522.435,4523.115,4522.435,4522.745
1787265720000,4522.605,4523.345,4522.275,4523.235
1787265780000,4523.095,4523.865,4523.085,4523.675
1787265840000,4523.575,4524.025,4522.665,4523.115
1787265900000,4523.005,4523.915,4522.665,4523.805
1787265960000,4523.635,4524.125,4522.395,4523.075
1787266020000,4522.955,4522.955,4520.015,4520.665
1787266080000,4520.765,4521.525,4519.905,4520.675
1787266140000,4520.565,4522.855,4520.565,4522.845
1787266200000,4522.745,4522.925,4522.205,4522.925
1787266260000,4522.795,4524.095,4522.545,4523.815
1787266320000,4523.925,4524.505,4523.095,4524.375
1787266380000,4524.275,4525.165,4524.275,4525.035
1787266440000,4524.875,4525.025,4523.595,4524.485
1787266500000,4524.295,4524.825,4523.815,4524.235
1787266560000,4524.105,4524.655,4523.825,4524.655
1787266620000,4524.495,4524.815,4523.975,4524.605
1787266680000,4524.665,4525.025,4524.475,4524.515
1787266740000,4524.485,4524.985,4524.245,4524.865
1787266800000,4524.815,4525.295,4524.395,4524.395
1787266860000,4524.335,4525.305,4524.055,4525.285
1787266920000,4525.255,4528.085,4525.185,4527.845
1787266980000,4527.805,4530.745,4527.525,4529.995
1787267040000,4529.975,4530.235,4529.435,4529.865
1787267100000,4529.875,4530.645,4529.715,4530.565
1787267160000,4530.625,4530.945,4529.535,4529.795
1787267220000,4529.915,4530.825,4528.705,4528.845
1787267280000,4528.855,4528.935,4525.555,4525.785
1787267340000,4525.815,4527.885,4525.505,4527.805
1787267400000,4527.795,4528.715,4527.795,4528.705
1787267460000,4528.835,4529.615,4528.725,4529.255
1787267520000,4529.125,4533.405,4529.125,4532.115
1787267580000,4531.935,4532.485,4531.065,4532.005
1787267640000,4531.885,4532.645,4531.395,4532.195
1787267700000,4532.065,4532.525,4531.175,4531.655
1787267760000,4531.545,4532.095,4530.445,4530.755
1787267820000,4530.675,4531.255,4529.895,4531.045
1787267880000,4531.145,4531.985,4530.755,4531.985
1787267940000,4531.875,4532.895,4531.675,4531.915
1787268000000,4531.755,4531.825,4530.335,4530.505
1787268060000,4530.305,4530.635,4530.055,4530.265
1787268120000,4530.405,4530.405,4528.515,4528.785
1787268180000,4528.905,4529.645,4528.575,4529.415
1787268240000,4529.545,4529.545,4528.755,4529.195
1787268300000,4529.335,4530.195,4528.695,4530.195
1787268360000,4530.175,4530.855,4527.645,4528.005
1787268420000,4527.885,4529.645,4527.885,4529.525
1787268480000,4529.635,4529.635,4523.115,4526.345
1787268540000,4526.475,4527.585,4524.935,4527.585
1787268600000,4527.475,4528.045,4526.155,4528.045
1787268660000,4527.905,4529.175,4525.415,4525.905
1787268720000,4526.035,4526.105,4522.625,4524.735
1787268780000,4524.865,4525.265,4523.835,4524.585
1787268840000,4524.475,4525.005,4523.555,4524.115
1787268900000,4523.995,4524.285,4522.865,4523.095
1787268960000,4523.215,4523.265,4521.315,4522.355
1787269020000,4522.205,4523.505,4522.205,4523.235
1787269080000,4523.365,4524.905,4523.365,4524.765
1787269140000,4524.215,4524.345,4523.585,4524.155
1787269200000,4524.115,4525.075,4524.045,4524.905
1787269260000,4525.015,4525.415,4524.565,4525.055
1787269320000,4525.285,4525.285,4524.255,4524.365
1787269380000,4524.505,4525.045,4524.505,4524.935
1787269440000,4525.065,4525.365,4524.775,4525.015
1787269500000,4525.165,4525.165,4524.435,4524.745
1787269560000,4524.605,4524.835,4523.535,4524.595
1787269620000,4524.465,4526.015,4524.465,4525.935
1787269680000,4525.835,4525.965,4525.365,4525.445
1787269740000,4525.555,4527.905,4525.435,4527.675
1787269800000,4527.545,4528.375,4526.855,4527.725
1787269860000,4527.575,4527.895,4526.365,4526.855
1787269920000,4526.725,4527.265,4526.525,4526.535
1787269980000,4526.455,4527.805,4526.425,4527.805
1787270040000,4527.605,4528.665,4527.465,4528.005
1787270100000,4527.885,4528.135,4526.675,4526.825
1787270160000,4526.585,4527.185,4526.385,4526.925
1787270220000,4527.145,4527.635,4526.725,4526.955
1787270280000,4526.835,4528.135,4526.515,4527.895
